modality_pair,num_pairs,NCM,Pre,SR,RMSE,mean_matches,mean_runtime_ms
optical-depth,100,1006.38,0.6596810039035103,0.9,3.628715121746063,1344.81,43.09468119055964
optical-infrared,100,1365.98,0.7555685148165758,0.91,3.26646115064621,1645.08,46.203862433321774
optical-lidar,50,1346.56,0.6174346386627377,0.94,3.083357586860657,1837.9,45.71776734199375
optical-map,200,363.015,0.519937772304522,0.735,4.837135608196259,522.545,47.68369444645941
optical-optical,100,584.09,0.5189147729518355,0.76,4.626262900829315,872.89,49.48904205579311
optical-sar,170,1423.235294117647,0.654103820361947,0.9647058823529412,3.0563485271790447,1939.4588235294118,49.60828905185575
optical_day-optical_night,100,160.38,0.3085410334084266,0.43,7.011073539257049,244.41,47.220341205829754
sar-lidar,180,2212.461111111111,0.8228356396306721,1.0,2.5009482688373987,2650.188888888889,51.01156213851128
