{"visualizations/latest_features": {"_type": "image-file", "sha256": "347ab9bbcb672443abfbb1950fee71d834350309ba31b1ececbfb18e60527c98", "size": 1659215, "path": "media/images/visualizations/latest_features_38208_347ab9bbcb672443abfb.png", "format": "png", "width": 1536, "height": 1024, "caption": "eval_pure_prediction/latest_features"}, "visualizations/latest_matches": {"_type": "image-file", "sha256": "779b3a25f5f49e2556a5d25f1b7963d64ceacf63f7f8c474454ee53e2d088da4", "size": 320167, "path": "media/images/visualizations/latest_matches_38208_779b3a25f5f49e2556a5.png", "format": "png", "width": 1024, "height": 512, "caption": "eval_pure_prediction/latest_matches"}, "_timestamp": 1783674979.0598395, "lr-AdamW": 5.858828246500778e-06, "trainer/global_step": 38579, "_runtime": 13067.156234502792, "_step": 38407, "train/loss_c": 1.731499433517456, "train/loss_f": 0.4132924973964691, "train/loss_sub": 0.23726561665534973, "train/loss": 2.3820574283599854, "epoch": 29, "val/NCM": 0.0, "val/Pre": 0.0, "val/SR": 0.0, "val/RMSE": 10.0, "val/mean_matches": 0.019999999552965164, "train/epoch_avg_loss": 2.2019989490509033, "train/epoch_avg_loss_c": 1.5831106901168823, "train/epoch_avg_loss_f": 0.4155435860157013, "train/epoch_avg_loss_sub": 0.2033444344997406, "_wandb": {"runtime": 13060}}