{"lr-AdamW": 1.5623541990668738e-05, "trainer/global_step": 51049, "_timestamp": 1784194716.2090034, "_runtime": 3193.315052509308, "_step": 51001, "train/loss_c": 0.2367028295993805, "train/coarse_gt_0to1_count": 5357.0, "train/coarse_gt_1to0_count": 6133.0, "train/loss_f": 0.28364095091819763, "train/fine_gt_positive_count": 22429.0, "train/fine_gt_window_count": 2012.0, "train/loss_sub": 0.1523314118385315, "train/subpixel_valid_match_count": 1411.0, "train/loss": 0.6726751923561096, "epoch": 26, "train/coarse/raw_pred_match_count": 6101.0, "train/coarse/gt_padded_for_fine_count": 200.0, "train/coarse/fine_input_match_count": 2457.0, "train/coarse/pred_mconf_mean": 0.5099385976791382, "train/coarse/pred_mconf_max": 0.9762385487556458, "train/fine/output_matches": 1752.0, "train/fine/fallback_used": 0.0, "train/coarse/fine_supervision_union_matches": 7356.0, "train/coarse/gt_0to1_count": 4532.0, "train/coarse/gt_1to0_count": 7303.0, "train/coarse/gt_mutual_ratio": 0.988305389881134, "train/coarse/gt_direction_conflict_ratio": 0.011694610118865967, "train/coarse/conf0_max": 0.9345793724060059, "train/coarse/conf1_max": 0.9762385487556458, "train/coarse/conf0_over_thr_ratio": 0.0001220405101776123, "train/coarse/conf1_over_thr_ratio": 0.00018906593322753906, "train/coarse/gt_conf0_mean": 0.24858558177947998, "train/coarse/gt_conf1_mean": 0.302083283662796, "train/coarse/gt_conf0_median": 0.19645661115646362, "train/coarse/gt_conf1_median": 0.23806717991828918, "train/coarse/gt_conf0_over_thr_ratio": 0.33958518505096436, "train/coarse/gt_conf1_over_thr_ratio": 0.42297685146331787, "train/coarse/gt_rank0_mean": 3.6414387226104736, "train/coarse/gt_rank1_mean": 4.424483299255371, "train/coarse/gt_rank0_median": 2.0, "train/coarse/gt_rank1_median": 2.0, "train/coarse/gt_rank0_avg_mean": 3.6414387226104736, "train/coarse/gt_rank1_avg_mean": 4.424483299255371, "train/coarse/gt_rank0_avg_median": 2.0, "train/coarse/gt_rank1_avg_median": 2.0, "train/coarse/gt_rank0_best_mean": 3.6414387226104736, "train/coarse/gt_rank1_best_mean": 4.424483299255371, "train/coarse/gt_rank0_worst_mean": 3.6414387226104736, "train/coarse/gt_rank1_worst_mean": 4.424483299255371, "train/coarse/gt_top1_0_ratio": 0.4199029207229614, "train/coarse/gt_top1_1_ratio": 0.4554292857646942, "train/coarse/gt_margin0_mean": -0.013863591477274895, "train/coarse/gt_margin1_mean": 0.01884949393570423, "visualizations/latest_features": {"_type": "image-file", "sha256": "c1be3f28b8d7ce738b5db9d48a2e0ba7eabd918e95c3b401fa0c73b897cdfe49", "size": 1766491, "path": "media/images/visualizations/latest_features_50808_c1be3f28b8d7ce738b5d.png", "format": "png", "width": 1536, "height": 1024, "caption": "eval_pure_prediction/latest_features"}, "visualizations/latest_matches": {"_type": "image-file", "sha256": "160c4b1f4a999a7f17e3bd3e920bb8233d79317d88505fe282c6b5701183ae13", "size": 735392, "path": "media/images/visualizations/latest_matches_50808_160c4b1f4a999a7f17e3.png", "format": "png", "width": 1024, "height": 512, "caption": "eval_pure_prediction/latest_matches"}, "val/NCM": 3.6500000953674316, "val/Pre": 0.008962776511907578, "val/SR": 0.05000000074505806, "val/RMSE": 9.646466255187988, "val/mean_matches": 285.989990234375, "train/epoch_avg_loss": 0.8506045341491699, "train/epoch_avg_loss_c": 0.35534533858299255, "train/epoch_avg_loss_f": 0.3145127296447754, "train/epoch_avg_loss_sub": 0.18074652552604675, "_wandb": {"runtime": 3191}}