{"visualizations/latest_features": {"_type": "image-file", "sha256": "e2a365d68cd330abb6bcdb11edf86b2303a5bd4e28f914bd773137e8f5522bcd", "size": 2218019, "path": "media/images/visualizations/latest_features_8810_e2a365d68cd330abb6bc.png", "format": "png", "width": 1536, "height": 1024, "caption": "eval_pure_prediction/latest_features"}, "visualizations/latest_matches": {"_type": "image-file", "sha256": "87553f9d1703dcf2df1831eeded06f0d72cdb70df9048be8140f2cb470632627", "size": 556993, "path": "media/images/visualizations/latest_matches_8810_87553f9d1703dcf2df18.png", "format": "png", "width": 1024, "height": 512, "caption": "eval_pure_prediction/latest_matches"}, "_timestamp": 1783655760.3393908, "lr-AdamW": 4.6865768599562365e-05, "trainer/global_step": 9149, "_runtime": 3834.73854470253, "_step": 9007, "train/loss_c": 1.7304641008377075, "train/loss_f": 0.38507017493247986, "train/loss_sub": 0.2156967669725418, "train/loss": 2.331231117248535, "epoch": 29, "val/NCM": 0.019999999552965164, "val/Pre": 0.009999999776482582, "val/SR": 0.0, "val/RMSE": 10.0, "val/mean_matches": 0.05999999865889549, "train/epoch_avg_loss": 2.2412118911743164, "train/epoch_avg_loss_c": 1.6189322471618652, "train/epoch_avg_loss_f": 0.41432493925094604, "train/epoch_avg_loss_sub": 0.2079547643661499, "_wandb": {"runtime": 3825}}