{"visualizations/latest_features": {"_type": "image-file", "sha256": "651688105e556f32878b6442c7054575047cfd0eed8aa10f653c3468850b6a29", "size": 2200644, "path": "media/images/visualizations/latest_features_1810_651688105e556f32878b.png", "format": "png", "width": 1536, "height": 1024, "caption": "eval_pure_prediction/latest_features"}, "visualizations/latest_matches": {"_type": "image-file", "sha256": "d9304da9a47ab78626b7533b29ce8b27bce868ea1403dd5a459688be49ef72a1", "size": 504212, "path": "media/images/visualizations/latest_matches_1810_d9304da9a47ab78626b7.png", "format": "png", "width": 1024, "height": 512, "caption": "eval_pure_prediction/latest_matches"}, "_timestamp": 1784018975.7417605, "lr-AdamW": 0.00012829321663019693, "trainer/global_step": 2099, "_runtime": 775.6552214622498, "_step": 2003, "train/coarse/raw_pred_match_count": 0.0, "train/coarse/gt_padded_for_fine_count": 2457.0, "train/coarse/fine_input_match_count": 2457.0, "train/coarse/pred_mconf_mean": 0.0, "train/coarse/pred_mconf_max": 0.0, "train/fine/output_matches": 4.0, "train/fine/fallback_used": 0.0, "train/coarse/supervision_matches": 6760.0, "train/coarse/gt_positive_count": 6760.0, "train/coarse/gt_sources_with_positive": 6381.0, "train/coarse/gt_targets_with_positive": 5729.0, "train/coarse/gt_multi_positive_source_ratio": 0.05939507856965065, "train/coarse/gt_multi_positive_target_ratio": 0.17751789093017578, "train/coarse/conf0_max": 0.0002659009478520602, "train/coarse/conf1_max": 0.00026830119895748794, "train/coarse/conf0_over_thr_ratio": 0.0, "train/coarse/conf1_over_thr_ratio": 0.0, "train/coarse/gt_conf0_mean": 0.00024492587544955313, "train/coarse/gt_conf1_mean": 0.000245167117100209, "train/coarse/gt_conf0_median": 0.00024471929646097124, "train/coarse/gt_conf1_median": 0.00024476295220665634, "train/coarse/gt_conf0_over_thr_ratio": 0.0, "train/coarse/gt_conf1_over_thr_ratio": 0.0, "train/coarse/gt_rank0_mean": 1379.3095703125, "train/coarse/gt_rank1_mean": 974.556640625, "train/coarse/gt_rank0_median": 1213.0, "train/coarse/gt_rank1_median": 641.0, "train/coarse/gt_top1_0_ratio": 0.028254438191652298, "train/coarse/gt_top1_1_ratio": 0.02662721835076809, "train/loss_c": 2.077792167663574, "train/loss_f": 0.5448198914527893, "train/fine_gt_positive_count": 28118.0, "train/fine_gt_window_count": 2456.0, "train/loss_sub": 0.31833454966545105, "train/subpixel_valid_match_count": 120.0, "train/loss": 2.940946578979492, "epoch": 2, "val/NCM": 0.0, "val/Pre": 0.0, "val/SR": 0.0, "val/RMSE": 10.0, "val/mean_matches": 0.0, "train/epoch_avg_loss": 2.6912684440612793, "train/epoch_avg_loss_c": 1.9988683462142944, "train/epoch_avg_loss_f": 0.47089749574661255, "train/epoch_avg_loss_sub": 0.2215026319026947, "_wandb": {"runtime": 777}}