{"visualizations/latest_features": {"_type": "image-file", "sha256": "0e87bf118a00ff2e76b4726565596ec690698a8f24918b43e4aa333c206dc609", "size": 1248040, "path": "media/images/visualizations/latest_features_16408_0e87bf118a00ff2e76b4.png", "format": "png", "width": 1536, "height": 1024, "caption": "eval_pure_prediction/latest_features"}, "visualizations/latest_matches": {"_type": "image-file", "sha256": "7e2882bb7e1faa1a6c2a09922bdc996cfdf14ee7d2c359660855eea6ac9963a2", "size": 236652, "path": "media/images/visualizations/latest_matches_16408_7e2882bb7e1faa1a6c2a.png", "format": "png", "width": 1024, "height": 512, "caption": "eval_pure_prediction/latest_matches"}, "_timestamp": 1783692645.3265731, "lr-AdamW": 2.34375e-05, "trainer/global_step": 16599, "_runtime": 5510.005318164825, "_step": 16600, "train/loss_c": 1.7334027290344238, "train/loss_f": 0.4609927535057068, "train/loss_sub": 0.18735407292842865, "train/loss": 2.3817496299743652, "epoch": 8, "val/NCM": 0.0, "val/Pre": 0.0, "val/SR": 0.0, "val/RMSE": 10.0, "val/mean_matches": 0.0, "train/epoch_avg_loss": 2.381058692932129, "train/epoch_avg_loss_c": 1.7297585010528564, "train/epoch_avg_loss_f": 0.4413197338581085, "train/epoch_avg_loss_sub": 0.20998036861419678, "_wandb": {"runtime": 5507}}