modality_pair,num_pairs,NCM,Pre,SR,RMSE,mean_matches,mean_runtime_ms
optical-depth,100,0.0,0.0,0.0,10.0,0.06,64.56157682812773
optical-infrared,100,0.16,0.115,0.0,10.0,0.34,60.984152796445414
optical-lidar,50,0.24,0.14666666666666667,0.0,10.0,0.66,63.32801691489294
optical-map,200,0.01,0.01,0.0,10.0,0.025,75.77269700355828
optical-optical,100,0.14,0.0757142857142857,0.0,10.0,0.33,70.0959247967694
optical-sar,170,0.28823529411764703,0.21549019607843137,0.0,10.0,0.5058823529411764,68.14230961505982
optical_day-optical_night,100,0.02,0.02,0.0,10.0,0.18,73.55981380911544
sar-lidar,180,0.07777777777777778,0.044722222222222226,0.0,10.0,0.21666666666666667,73.39662548684929
