{"visualizations/latest_features": {"_type": "image-file", "sha256": "f76ede202a06d53e57d7102d4e2038fd38cd4b5e6c4c40a09c3f222877627d30", "size": 1682709, "path": "media/images/visualizations/latest_features_27208_f76ede202a06d53e57d7.png", "format": "png", "width": 1536, "height": 1024, "caption": "eval_pure_prediction/latest_features"}, "visualizations/latest_matches": {"_type": "image-file", "sha256": "606281459c5592d7f3fc2014e724a323b9635fe9569377beb6830729558f3246", "size": 656738, "path": "media/images/visualizations/latest_matches_27208_606281459c5592d7f3fc.png", "format": "png", "width": 1024, "height": 512, "caption": "eval_pure_prediction/latest_matches"}, "_timestamp": 1784043986.6724446, "lr-AdamW": 1.5621922866520787e-05, "trainer/global_step": 27419, "_runtime": 8292.325959682465, "_step": 27401, "train/coarse/raw_pred_match_count": 2525.0, "train/coarse/gt_padded_for_fine_count": 200.0, "train/coarse/fine_input_match_count": 2457.0, "train/coarse/pred_mconf_mean": 0.4477421045303345, "train/coarse/pred_mconf_max": 0.9537572860717773, "train/fine/output_matches": 1895.0, "train/fine/fallback_used": 0.0, "train/coarse/supervision_matches": 6911.0, "train/coarse/gt_positive_count": 6911.0, "train/coarse/gt_sources_with_positive": 6661.0, "train/coarse/gt_targets_with_positive": 6098.0, "train/coarse/gt_multi_positive_source_ratio": 0.035430118441581726, "train/coarse/gt_multi_positive_target_ratio": 0.1303706169128418, "train/coarse/conf0_max": 0.9433363080024719, "train/coarse/conf1_max": 0.9537572860717773, "train/coarse/conf0_over_thr_ratio": 6.595253944396973e-05, "train/coarse/conf1_over_thr_ratio": 5.97536563873291e-05, "train/coarse/gt_conf0_mean": 0.15442605316638947, "train/coarse/gt_conf1_mean": 0.1432509571313858, "train/coarse/gt_conf0_median": 0.08827678114175797, "train/coarse/gt_conf1_median": 0.07795405387878418, "train/coarse/gt_conf0_over_thr_ratio": 0.1740703284740448, "train/coarse/gt_conf1_over_thr_ratio": 0.15569382905960083, "train/coarse/gt_rank0_mean": 13.310809135437012, "train/coarse/gt_rank1_mean": 14.152511596679688, "train/coarse/gt_rank0_median": 3.0, "train/coarse/gt_rank1_median": 3.0, "train/coarse/gt_top1_0_ratio": 0.3242656886577606, "train/coarse/gt_top1_1_ratio": 0.2995225191116333, "train/loss_c": 0.8288359045982361, "train/loss_f": 0.28436481952667236, "train/fine_gt_positive_count": 25647.0, "train/fine_gt_window_count": 2036.0, "train/loss_sub": 0.13112248480319977, "train/subpixel_valid_match_count": 1586.0, "train/loss": 1.2443231344223022, "epoch": 29, "val/NCM": 3.130000114440918, "val/Pre": 0.06123752519488335, "val/SR": 0.05000000074505806, "val/RMSE": 9.617392539978027, "val/mean_matches": 35.93000030517578, "train/epoch_avg_loss": 1.5021644830703735, "train/epoch_avg_loss_c": 0.9635376930236816, "train/epoch_avg_loss_f": 0.3670072555541992, "train/epoch_avg_loss_sub": 0.1716194450855255, "_wandb": {"runtime": 8284}}