{"visualizations/latest_features": {"_type": "image-file", "sha256": "cd2d6b7693c5ebea74ff0df1f4170888b022b4c9f7e2bf6306a921fff9801316", "size": 1748169, "path": "media/images/visualizations/latest_features_27208_cd2d6b7693c5ebea74ff.png", "format": "png", "width": 1536, "height": 1024, "caption": "eval_pure_prediction/latest_features"}, "visualizations/latest_matches": {"_type": "image-file", "sha256": "a2702c1424be31f6163ccad123f7ca819a01fd53321ceef5872e8a6ee7c8e5e6", "size": 649048, "path": "media/images/visualizations/latest_matches_27208_a2702c1424be31f6163c.png", "format": "png", "width": 1024, "height": 512, "caption": "eval_pure_prediction/latest_matches"}, "_timestamp": 1784107403.0070293, "lr-AdamW": 1.5621922866520787e-05, "trainer/global_step": 27419, "_runtime": 8828.11029624939, "_step": 27401, "train/coarse/raw_pred_match_count": 1926.0, "train/coarse/gt_padded_for_fine_count": 531.0, "train/coarse/fine_input_match_count": 2457.0, "train/coarse/pred_mconf_mean": 0.4316534996032715, "train/coarse/pred_mconf_max": 0.9589959383010864, "train/fine/output_matches": 1752.0, "train/fine/fallback_used": 0.0, "train/coarse/fine_supervision_union_matches": 6911.0, "train/coarse/gt_0to1_count": 6658.0, "train/coarse/gt_1to0_count": 6092.0, "train/coarse/gt_mutual_ratio": 0.8769900798797607, "train/coarse/gt_direction_conflict_ratio": 0.12300992012023926, "train/coarse/conf0_max": 0.9589959383010864, "train/coarse/conf1_max": 0.9389281868934631, "train/coarse/conf0_over_thr_ratio": 4.789233207702637e-05, "train/coarse/conf1_over_thr_ratio": 4.6193599700927734e-05, "train/coarse/gt_conf0_mean": 0.12194125354290009, "train/coarse/gt_conf1_mean": 0.12256515771150589, "train/coarse/gt_conf0_median": 0.058655183762311935, "train/coarse/gt_conf1_median": 0.05777754262089729, "train/coarse/gt_conf0_over_thr_ratio": 0.12090718001127243, "train/coarse/gt_conf1_over_thr_ratio": 0.12639527022838593, "train/coarse/gt_rank0_mean": 17.195478439331055, "train/coarse/gt_rank1_mean": 16.029874801635742, "train/coarse/gt_rank0_median": 4.0, "train/coarse/gt_rank1_median": 4.0, "train/coarse/gt_rank0_avg_mean": 17.195478439331055, "train/coarse/gt_rank1_avg_mean": 16.029874801635742, "train/coarse/gt_rank0_avg_median": 4.0, "train/coarse/gt_rank1_avg_median": 4.0, "train/coarse/gt_rank0_best_mean": 17.195404052734375, "train/coarse/gt_rank1_best_mean": 16.029874801635742, "train/coarse/gt_rank0_worst_mean": 17.195554733276367, "train/coarse/gt_rank1_worst_mean": 16.029874801635742, "train/coarse/gt_top1_0_ratio": 0.28416940569877625, "train/coarse/gt_top1_1_ratio": 0.27216020226478577, "train/coarse/gt_margin0_mean": -0.03153793513774872, "train/coarse/gt_margin1_mean": -0.035552557557821274, "train/loss_c": 0.8370290994644165, "train/coarse_gt_0to1_count": 6300.0, "train/coarse_gt_1to0_count": 7253.0, "train/loss_f": 0.30014631152153015, "train/fine_gt_positive_count": 25305.0, "train/fine_gt_window_count": 2022.0, "train/loss_sub": 0.13984134793281555, "train/subpixel_valid_match_count": 1499.0, "train/loss": 1.2770167589187622, "epoch": 29, "val/NCM": 3.2799999713897705, "val/Pre": 0.10703292489051819, "val/SR": 0.029999999329447746, "val/RMSE": 9.774582862854004, "val/mean_matches": 33.540000915527344, "train/epoch_avg_loss": 1.6000419855117798, "train/epoch_avg_loss_c": 1.047755241394043, "train/epoch_avg_loss_f": 0.37849295139312744, "train/epoch_avg_loss_sub": 0.1737937331199646, "_wandb": {"runtime": 8821}}