{"visualizations/latest_features": {"_type": "image-file", "sha256": "28a4031b186b776eb244cda87d12d50bbeb3f721006503c3f721d12a733e5d8d", "size": 1944113, "path": "media/images/visualizations/latest_features_27208_28a4031b186b776eb244.png", "format": "png", "width": 1536, "height": 1024, "caption": "eval_pure_prediction/latest_features"}, "visualizations/latest_matches": {"_type": "image-file", "sha256": "f03db0ebc3e454081043c843675a04135149b1a2f38511f741ad1cfe800b6dcf", "size": 362500, "path": "media/images/visualizations/latest_matches_27208_f03db0ebc3e454081043.png", "format": "png", "width": 1024, "height": 512, "caption": "eval_pure_prediction/latest_matches"}, "_timestamp": 1784030103.5494492, "lr-AdamW": 1.5621922866520787e-05, "trainer/global_step": 27419, "_runtime": 10042.581528186798, "_step": 27401, "train/coarse/raw_pred_match_count": 0.0, "train/coarse/gt_padded_for_fine_count": 2457.0, "train/coarse/fine_input_match_count": 2457.0, "train/coarse/pred_mconf_mean": 0.0, "train/coarse/pred_mconf_max": 0.0, "train/fine/output_matches": 184.0, "train/fine/fallback_used": 0.0, "train/coarse/supervision_matches": 6911.0, "train/coarse/gt_positive_count": 6911.0, "train/coarse/gt_sources_with_positive": 6661.0, "train/coarse/gt_targets_with_positive": 6098.0, "train/coarse/gt_multi_positive_source_ratio": 0.035430118441581726, "train/coarse/gt_multi_positive_target_ratio": 0.1303706169128418, "train/coarse/conf0_max": 0.17034590244293213, "train/coarse/conf1_max": 0.1645565778017044, "train/coarse/conf0_over_thr_ratio": 0.0, "train/coarse/conf1_over_thr_ratio": 0.0, "train/coarse/gt_conf0_mean": 0.005768716800957918, "train/coarse/gt_conf1_mean": 0.005583527032285929, "train/coarse/gt_conf0_median": 0.002834064420312643, "train/coarse/gt_conf1_median": 0.002783017000183463, "train/coarse/gt_conf0_over_thr_ratio": 0.0, "train/coarse/gt_conf1_over_thr_ratio": 0.0, "train/coarse/gt_rank0_mean": 234.94879150390625, "train/coarse/gt_rank1_mean": 277.4017028808594, "train/coarse/gt_rank0_median": 84.0, "train/coarse/gt_rank1_median": 89.0, "train/coarse/gt_top1_0_ratio": 0.03675300255417824, "train/coarse/gt_top1_1_ratio": 0.030965128913521767, "train/loss_c": 1.6519794464111328, "train/loss_f": 0.4093285799026489, "train/fine_gt_positive_count": 31207.0, "train/fine_gt_window_count": 2457.0, "train/loss_sub": 0.17573145031929016, "train/subpixel_valid_match_count": 373.0, "train/loss": 2.23703932762146, "epoch": 29, "val/NCM": 0.0, "val/Pre": 0.0, "val/SR": 0.0, "val/RMSE": 10.0, "val/mean_matches": 0.0, "train/epoch_avg_loss": 2.3527655601501465, "train/epoch_avg_loss_c": 1.7046486139297485, "train/epoch_avg_loss_f": 0.4424777626991272, "train/epoch_avg_loss_sub": 0.2056390643119812, "_wandb": {"runtime": 10033}}