{"visualizations/latest_features": {"_type": "image-file", "sha256": "15ad2b26f4ae0092fa8d9ce465d2f11c58786237016e3354481d0583ef1807dc", "size": 1794964, "path": "media/images/visualizations/latest_features_43008_15ad2b26f4ae0092fa8d.png", "format": "png", "width": 1536, "height": 1024, "caption": "eval_pure_prediction/latest_features"}, "visualizations/latest_matches": {"_type": "image-file", "sha256": "564405c1369e3942b349ecb07bce97cd5e9708d0a6246819f759ab34f383a03a", "size": 705825, "path": "media/images/visualizations/latest_matches_43008_564405c1369e3942b349.png", "format": "png", "width": 1024, "height": 512, "caption": "eval_pure_prediction/latest_matches"}, "_timestamp": 1784182093.794997, "lr-AdamW": 3.1247083981337476e-05, "trainer/global_step": 43399, "_runtime": 14429.56505894661, "_step": 43207, "train/coarse/raw_pred_match_count": 7132.0, "train/coarse/gt_padded_for_fine_count": 200.0, "train/coarse/fine_input_match_count": 2457.0, "train/coarse/pred_mconf_mean": 0.5307294726371765, "train/coarse/pred_mconf_max": 0.9729717373847961, "train/fine/output_matches": 1586.0, "train/fine/fallback_used": 0.0, "train/coarse/fine_supervision_union_matches": 7953.0, "train/coarse/gt_0to1_count": 4674.0, "train/coarse/gt_1to0_count": 7928.0, "train/coarse/gt_mutual_ratio": 0.9946512579917908, "train/coarse/gt_direction_conflict_ratio": 0.0053487420082092285, "train/coarse/conf0_max": 0.9388719797134399, "train/coarse/conf1_max": 0.984289824962616, "train/coarse/conf0_over_thr_ratio": 0.00013947486877441406, "train/coarse/conf1_over_thr_ratio": 0.0002479851245880127, "train/coarse/gt_conf0_mean": 0.2835088074207306, "train/coarse/gt_conf1_mean": 0.37640687823295593, "train/coarse/gt_conf0_median": 0.25286954641342163, "train/coarse/gt_conf1_median": 0.3495151102542877, "train/coarse/gt_conf0_over_thr_ratio": 0.4152759909629822, "train/coarse/gt_conf1_over_thr_ratio": 0.5638244152069092, "train/coarse/gt_rank0_mean": 2.475181818008423, "train/coarse/gt_rank1_mean": 2.3051209449768066, "train/coarse/gt_rank0_median": 2.0, "train/coarse/gt_rank1_median": 1.0, "train/coarse/gt_rank0_avg_mean": 2.475181818008423, "train/coarse/gt_rank1_avg_mean": 2.3051209449768066, "train/coarse/gt_rank0_avg_median": 2.0, "train/coarse/gt_rank1_avg_median": 1.0, "train/coarse/gt_rank0_best_mean": 2.475181818008423, "train/coarse/gt_rank1_best_mean": 2.3051209449768066, "train/coarse/gt_rank0_worst_mean": 2.475181818008423, "train/coarse/gt_rank1_worst_mean": 2.3051209449768066, "train/coarse/gt_top1_0_ratio": 0.47582370042800903, "train/coarse/gt_top1_1_ratio": 0.5420030355453491, "train/coarse/gt_margin0_mean": 0.010568210855126381, "train/coarse/gt_margin1_mean": 0.07224833220243454, "train/loss_c": 0.455443799495697, "train/coarse_gt_0to1_count": 5679.0, "train/coarse_gt_1to0_count": 6525.0, "train/loss_f": 0.34343451261520386, "train/fine_gt_positive_count": 21644.0, "train/fine_gt_window_count": 1989.0, "train/loss_sub": 0.18237793445587158, "train/subpixel_valid_match_count": 931.0, "train/loss": 0.9812562465667725, "epoch": 22, "val/NCM": 3.7300000190734863, "val/Pre": 0.00795538630336523, "val/SR": 0.05000000074505806, "val/RMSE": 9.644579887390137, "val/mean_matches": 264.67999267578125, "train/epoch_avg_loss": 0.9155312776565552, "train/epoch_avg_loss_c": 0.4009964168071747, "train/epoch_avg_loss_f": 0.32833048701286316, "train/epoch_avg_loss_sub": 0.18620429933071136}