{"visualizations/latest_features": {"_type": "image-file", "sha256": "9bfdb00e649cfc2c070fe4959ad9aec8dab4a44c7cf051ee111e7752910997f5", "size": 1949425, "path": "media/images/visualizations/latest_features_54008_9bfdb00e649cfc2c070f.png", "format": "png", "width": 1536, "height": 1024, "caption": "eval_pure_prediction/latest_features"}, "visualizations/latest_matches": {"_type": "image-file", "sha256": "786e51817106921558ca92f2b1e08ac7e1d7d27f2d1324670d5d01138f80aa34", "size": 381208, "path": "media/images/visualizations/latest_matches_54008_786e51817106921558ca.png", "format": "png", "width": 1024, "height": 512, "caption": "eval_pure_prediction/latest_matches"}, "_timestamp": 1783868671.897162, "lr-AdamW": 7.8125e-06, "trainer/global_step": 54209, "_runtime": 15172.93319106102, "_step": 54201, "train/coarse/selected_total": 0.0, "train/coarse/pred_matches": 0.0, "train/coarse/gt_padded_matches": 0.0, "train/coarse/pred_mconf_mean": 0.0, "train/coarse/pred_mconf_max": 0.0, "train/coarse/final_pred_matches": 1.0, "train/coarse/supervision_matches": 7224.0, "train/coarse/conf0_max": 0.004321848042309284, "train/coarse/conf1_max": 0.004189227242022753, "train/coarse/conf0_mean": 0.000244140625, "train/coarse/conf1_mean": 0.00024414091603830457, "train/coarse/conf0_over_thr_ratio": 0.0, "train/coarse/conf1_over_thr_ratio": 0.0, "train/loss_c": 1.9802473783493042, "train/loss_f": 0.46802768111228943, "train/loss_sub": 0.27648410201072693, "train/loss": 2.724759101867676, "epoch": 14, "val/NCM": 0.0, "val/Pre": 0.0, "val/SR": 0.0, "val/RMSE": 10.0, "val/mean_matches": 0.0, "train/epoch_avg_loss": 2.618448257446289, "train/epoch_avg_loss_c": 1.938839316368103, "train/epoch_avg_loss_f": 0.4662245213985443, "train/epoch_avg_loss_sub": 0.2133844792842865, "_wandb": {"runtime": 15167}}