modality_pair,num_pairs,NCM,Pre,SR,RMSE,mean_matches,mean_runtime_ms
optical-depth,100,1674.22,0.7493865727034398,1.0,2.7850349950790405,2205.47,137.74800323997624
optical-infrared,100,1788.75,0.8163796731851315,1.0,2.49345396399498,2151.25,136.97897093952633
optical-lidar,50,1820.18,0.6495030827176644,1.0,2.5504136729240416,2639.72,139.92500750231557
optical-map,200,868.535,0.6596542256331412,0.985,3.0252594566345214,1220.87,135.19368544511963
optical-optical,100,1087.23,0.6332617734914521,1.0,2.8307991933822634,1600.59,145.62535158824176
optical-sar,170,1772.2588235294118,0.7058669686182014,0.9941176470588236,2.7697456394924838,2370.170588235294,133.464260293883
optical_day-optical_night,100,618.77,0.5569751122754688,0.92,3.4634223580360413,902.14,142.75356465717778
sar-lidar,180,2441.4944444444445,0.8265483792140221,0.9944444444444445,2.4024886601501043,2922.1055555555554,146.76246386888022
