modality_pair,num_pairs,NCM,Pre,SR,RMSE,mean_matches,mean_runtime_ms
optical-depth,100,0.0,0.0,0.0,10.0,0.0,114.37491402029991
optical-infrared,100,0.0,0.0,0.0,10.0,0.0,71.13931823812891
optical-lidar,50,0.0,0.0,0.0,10.0,0.0,127.17362542054616
optical-map,200,0.0,0.0,0.0,10.0,0.0,106.42638470977545
optical-optical,100,0.0,0.0,0.0,10.0,0.0,80.12572674662806
optical-sar,170,0.0,0.0,0.0,10.0,0.0,98.0728436018313
optical_day-optical_night,100,0.0,0.0,0.0,10.0,0.0,105.61371161951683
sar-lidar,180,0.0,0.0,0.0,10.0,0.0,109.641200665889
